{"cameraMode":{"drawMode":0,"name":"Shaded","section":"Shading Mode"},"sceneLighting":false,"audioPlay":false,"sceneViewState":{"showFog":true,"showMaterialUpdate":false,"showSkybox":false,"showFlares":true,"showImageEffects":true,"showParticleSystems":true},"in2DMode":false,"pivot":{"x":-0.0020911097526550295,"y":1.3425664901733399,"z":-0.13408410549163819},"rotation":{"x":-0.10388809442520142,"y":-0.8670896291732788,"z":0.2032955437898636,"w":-0.4428466260433197},"size":0.26223745942115786,"orthographic":false}